{
  "parent": "fiskheroes:hero_basic",
  "resources": {
    "base": "sup:vegetas",
    "suit": "sup:broly.tx.json",
    "eyes": "sup:hair3",
    "glow": "sup:glow3",
    "reactor": "sup:broly"
  },
  "texture": {
    "vars:MASK_OPEN" : {
      "true": "mask"
    },
    "vars:DISPLAY": {
      "false": {
        "vars:OPEN": {
          "true": "reactor"
        },
        "vars:ANIM": {
          "true": "suit"
        }
      }
    },
    "default": "base"
  },
  "lights": {
    "vars:MASK_OPEN" : {
      "true": "mask_lights"
    },
    "vars:DISPLAY": {
      "false": {
        "vars:ANIM": {
          "true": "reactor_lights"
        }
      }
    },
    "default": "lights"
  },
  "showModel": {
    "head": ["CHESTPLATE"],
    "headwear": ["CHESTPLATE"],
    "body": ["CHESTPLATE"],
    "rightArm": ["CHESTPLATE"],
    "leftArm": ["CHESTPLATE"],
    "rightLeg": ["CHESTPLATE"],
    "leftLeg": ["CHESTPLATE"]
  },
  "fixHatLayer": ["CHESTPLATE"],
  "animations": {
    "AIMING": "fiskheroes:aiming_fpcorr"
  },
  "custom": {
    "fiskheroes:metal_heat": {
      "applicable": ["CHESTPLATE"],
      "includeEffects": ["fiskheroes:shield|blade", "fiskheroes:shield|shield", "fiskheroes:shield|cannon1", "fiskheroes:shield|cannon2"],
      "texture": "null",
      "data": "fiskheroes:metal_heat"
    },
    "fiskheroes:animation|flying": {
      "animation": "sup:flying",
      "data": 1,
      "conditionals": ["vars:FLIGHT"]
    },
    "fiskheroes:particles|boom": {
      "particleType": "sup:bo",
      "conditionals": ["vars:BAT"]
    },
    "fiskheroes:arm_animation": {
      "dataLArmPose": "Math.max(entity.getData('fiskheroes:beam_charging') ? Math.min(entity.getInterpolatedData('fiskheroes:beam_charge') * 3, 1) : Math.max(entity.getInterpolatedData('fiskheroes:beam_charge') * 5 - 4, 0))"
    },
    "fiskheroes:trail|6": {
      "type": "sup2:lightning_raiden",
      "conditionals": ["vars:BLOM3"]
    },
    "fiskheroes:particles|eydaes": {
      "particleType": "sup:glowverdebroly",
      "conditionals": ["vars:BLOM3"]
    },
  "animations": {
    "ENERGY_PROJECTION": null
  },
    "fiskheroes:overlay": {
      "applicable": ["CHESTPLATE"],
      "texture": ["null", "eyes"],
      "data": "fiskheroes:dyn/nanite_timer"
    },
    "fiskheroes:overlay|1": {
      "applicable": ["CHESTPLATE"],
      "texture": ["null", "glow"],
      "data": "fiskheroes:dyn/nanite_timer"
    },
    "fiskheroes:energy_bolt": {
      "color": "0x51ff69"
    },
    "fiskheroes:heat_vision": {
      "color": "0x4e98ff",
      "anchor": "head",
      "beams": [
        {
          "firstPerson": [0.0, 1.5, 0.0],
          "offset": [0.0, -1.5, 0.0],
          "size": [0.8, 0.8]
        }
      ],
      "mirror": false,
      "renderer": "fiskheroes:mysterio_beam",
      "particleType": "sup:ice"
    },
    "fiskheroes:charged_beam": {
      "color": "0x5eff8b",
      "anchor": "leftArm",
      "beams": [
        {
          "offset": [0.0, 9.0, 0.5],
          "size": [9.0, 8.0]
        }
      ],
      "renderer": "fiskheroes:cold_beam",
      "particleType": "fiskheroes:impact_charged_beam"
    }
  },
  "vars": {
    "ANIM": "entity.getInterpolatedData('fiskheroes:dyn/nanite_timer') < 1",
    "OPEN": "entity.getInterpolatedData('fiskheroes:dyn/nanite_timer') == 0",
    "FLIGHT": "entity.getData('fiskheroes:glide_flying')",
    "P1": "!entity.getData('fiskheroes:gliding')",
    "BAT": "entity.getData('fiskheroes:dyn/nanite_timer') && entity.getData('fiskheroes:dyn/nanite_timer') < 1",
    "P2": "entity.getData('fiskheroes:gliding')",
    "BLOM3": "entity.getData('fiskheroes:dyn/nanite_timer') > 0.1 && entity.getData('fiskheroes:dyn/nanite_timer') < 9",
    "STAT": "!entity.getData('fiskheroes:gliding')",
    "AIR": "!entity.getData('fiskheroes:gliding') && !entity.isOnGround() && !entity.isSprinting() && entity.getData('fiskheroes:dyn/nanite_timer') && !entity.getData('fiskheroes:mask_open')",
    "MASK_OPEN": "entity.getData('fiskheroes:mask_open_timer2') > 0",
    "DISPLAY": "entity.isDisplayStand()",
    "CHARGING": "entity.getData('fiskheroes:beam_charging') && entity.getData('fiskheroes:beam_charge') < 1",
    "FLYING": "entity.getData('fiskheroes:jetpacking') || entity.getData('fiskheroes:hovering')"
  }
}
