{
  "name": "SSJL",
  "modifiers": {
    "fiskheroes:transformation": {
      "key": "NANITE_TRANSFORM",
      "transformation": {
        "toggleData": "fiskheroes:dyn/nanites",
        "timerData": "fiskheroes:dyn/nanite_timer",
        "cooldownTime": 100,
        "time": 6
      },
      "soundEvents": {
        "ENABLE": ["sup:ssjon", "sup:kiloop"],
        "DISABLE": "sup:ssjoff"
      }
    },
    "fiskheroes:cooldown": {
      "cooldown": {
        "toggleData": "fiskheroes:dyn/nanites",
        "cooldownData": "fiskheroes:dyn/nanite_cooldown",
        "duration": 6000,
        "recovery": 3.0
      }
    },
    "fiskheroes:hover": {
    },
    "fiskheroes:fire_immunity": {
    },
    "fiskheroes:projectile_immunity": {
    },
    "fiskheroes:energy_blast": {
      "damageProfile": {
        "damage": 7.0,
        "types": {
          "ENERGY": 1.0
        }
      },
      "isExplosive": true,
      "cooldownTime": 50,
      "soundEvents": {
        "SHOOT": "sup:kisot"
      }
    },
    "fiskheroes:leaping": {
      "leapAmount": [1.5, 0.5],
      "soundEvents": {
        "LEAP": "sup:jump"
      }
    },
    "fiskheroes:shield": {
      "shield": {
        "health": 100.0,
        "regeneration": 8.0,
        "recoveryDelay": 20,
        "cooldown": 100
      },
      "coverage": {
        "yawRadius": 50.0,
        "pitchRadius": 50.0,
        "yawOffset": 0.0,
        "pitchOffset": 0.0
      },
      "knockback": 0.2,
      "isToggle": false,
      "soundEvents": {
        "ENABLE": "fiskheroes:mk50_shield_enable",
        "DISABLE": "fiskheroes:mk50_shield_disable",
        "DEFLECT": "fiskheroes:shield_deflect"
      }
    },
    "fiskheroes:blade": {
      "soundEvents": {
        "ENABLE": "fiskheroes:mk50_blade_enable",
        "DISABLE": "fiskheroes:mk50_blade_disable"
      }
    },
    "fiskheroes:water_breathing": {
    },
    "fiskheroes:metal_skin": {
    }
  },
  "hud": [
    {
      "type": "PROGRESS",
      "texture": "sup:textures/gui/bars/ssjl_transformation.png",
      "data": "fiskheroes:dyn/nanite_cooldown"
    }
  ]
}
