{
  "name": "Saiyan Physiology",
  "modifiers": {
    "fiskheroes:gliding": {
      "isPowered": true,
      "isControlled": true,
      "boostSpeed": 0.1,
      "soundEvents": {
        "ENABLE": ["fiskheroes:gliding"]
      }
    },
    "fiskheroes:telekinesis": {
      "telekinesis": {
        "crushMelons": false,
        "crushThrowables": false,
        "squeezeChickens": true,
        "explodeCreepers": false,
        "destroyInanimates": true
      },
      "canGrab": {
        "mobs": true,
        "items": true,
        "projectiles": false,
        "inanimates": false
      },
      "range": 1.3,
      "soundEvents": {
        "GRAB": "sup:grab",
        "RELEASE": "sup:han"
      }
    },
    "fiskheroes:charged_beam": {
      "damageProfile": {
        "damage": 14.0,
        "types": {
          "ENERGY": 2.0,
          "FIRE": 1.5
        },
        "properties": {
          "COOK_ENTITY": true,
          "HEAT_TRANSFER": 140
        }
      },
      "chargeTime": 38,
      "duration": 50,
      "cooldownTime": 60,
      "range": 34.0,
      "radius": 0.4,
      "soundEvents": {
        "SHOOT": ["sup:bum", "sup:finalflash"],
        "SHOOT_STOP": "sup:han",
        "CHARGE": "sup:carga"
      }
    },
    "fiskheroes:heat_vision": {
      "damageProfile": {
        "damage": 5.0,
        "types": {
          "FIRE": 1.0
        },
        "properties": {
          "COOK_ENTITY": false,
          "HEAT_TRANSFER": 140
        }
      },
      "range": 32.0,
      "radius": 0.6,
      "soundEvents": {
        "SHOOT": "kryp:coldbreathh"
      }
    },
    "fiskheroes:potion_immunity": {
      "potionEffects": ["minecraft:nausea", "minecraft:poison", "minecraft:wither"]
    },
    "fiskheroes:water_breathing": {
    }
  }
}
