{
  "name": "Saiyan Physiology",
  "modifiers": {
    "fiskheroes:gliding": {
      "isPowered": true,
      "isControlled": true,
      "boostSpeed": 0.1,
      "soundEvents": {
        "ENABLE": ["fiskheroes:gliding"]
      }
    },
    "fiskheroes:charged_beam": {
      "damageProfile": {
        "damage": 9.0,
        "types": {
          "ENERGY": 1.0,
          "FIRE": 0.5
        },
        "properties": {
          "COOK_ENTITY": true,
          "HEAT_TRANSFER": 140
        }
      },
      "chargeTime": 25,
      "duration": 50,
      "cooldownTime": 40,
      "range": 32.0,
      "radius": 0.4,
      "soundEvents": {
        "SHOOT": ["sup:kame", "sup:finalflash"],
        "SHOOT_STOP": "sup:han",
        "CHARGE": "sup:ha"
      }
    },
    "fiskheroes:teleportation": {
      "canReachMoon": true,
      "cooldownTime": 90,
      "range": 100.0,
      "soundEvents": {
        "TELEPORT": "sup:tp"
      }
    },
    "fiskheroes:heat_vision": {
      "damageProfile": {
        "damage": 5.0,
        "types": {
          "FIRE": 1.0
        },
        "properties": {
          "COOK_ENTITY": false,
          "HEAT_TRANSFER": 140
        }
      },
      "range": 32.0,
      "radius": 0.6,
      "soundEvents": {
        "SHOOT": "kryp:coldbreathh"
      }
    },
    "fiskheroes:size_manipulation|giant": {
      "isInstant": true,
      "minSize": 1.0,
      "maxSize": 1.0,
      "soundEvents": {
        "SHRINK": "sup:ssjofff",
        "GROW": ["sup:ssjb", "sup:aurab"]
      }
    },
    "fiskheroes:transformation|2": {
      "transformation": {
        "toggleData": "fiskheroes:dyn/giant_mode",
        "timerData": "fiskheroes:dyn/giant_mode_timer",
        "time": 6
      }
    },
    "fiskheroes:cooldown": {
      "cooldown": {
        "toggleData": "fiskheroes:dyn/giant_mode",
        "cooldownData": "fiskheroes:dyn/giant_mode_cooldown",
        "duration": 2000,
        "recovery": 1.0
      }
    }
  },
  "hud": [
    {
      "type": "PROGRESS",
      "texture": "sup:textures/gui/bars/ssj_transformation.png",
      "data": "fiskheroes:dyn/giant_mode_cooldown"
    }
  ]
}
