{
  "name": "SSJ2/SSJB",
  "modifiers": {
    "fiskheroes:transformation": {
      "key": "NANITE_TRANSFORM",
      "transformation": {
        "toggleData": "fiskheroes:dyn/nanites",
        "timerData": "fiskheroes:dyn/nanite_timer",
        "time": 6
      },
      "soundEvents": {
        "ENABLE": ["sup:ssjon", "sup:kiloop"],
        "DISABLE": "sup:ssjoff"
      }
    },
    "fiskheroes:cooldown": {
      "cooldown": {
        "toggleData": "fiskheroes:dyn/nanites",
        "cooldownData": "fiskheroes:dyn/nanite_cooldown",
        "duration": 5000,
        "recovery": 2.0
      }
    },
    "fiskheroes:transformation|3": {
      "key": "STEEL_TRANSFORM",
      "transformation": {
        "toggleData": "fiskheroes:dyn/steeled",
        "timerData": "fiskheroes:dyn/steel_timer",
        "time": 4
      },
      "soundEvents": {
        "ENABLE": ["sup:ssjon", "sup:kiloop"],
        "DISABLE": "sup:ssjoff"
      }
    },
    "fiskheroes:cooldown": {
      "cooldown": {
        "toggleData": "fiskheroes:dyn/steeled",
        "cooldownData": "fiskheroes:dyn/steel_cooldown",
        "duration": 600,
        "recovery": 1.0
      }
    },
    "fiskheroes:hover": {
    },
    "fiskheroes:fire_immunity": {
    },
    "fiskheroes:projectile_immunity": {
    },
    "fiskheroes:energy_blast": {
      "damageProfile": {
        "damage": 10.0,
        "types": {
          "ENERGY": 1.0
        }
      },
      "isExplosive": true,
      "cooldownTime": 30,
      "soundEvents": {
        "SHOOT": "sup:kisot"
      }
    },
    "fiskheroes:leaping": {
      "leapAmount": [1.5, 0.5],
      "soundEvents": {
        "LEAP": "sup:jump"
      }
    },
    "fiskheroes:energy_projection": {
      "damageProfile": {
        "damage": 5.0,
        "types": {
          "ENERGY": 1.0,
          "FIRE": 0.25
        },
        "properties": {
          "COOK_ENTITY": true,
          "HEAT_TRANSFER": 80
        }
      },
      "range": 10.0,
      "radius": 0.7,
      "soundEvents": {
        "SHOOT": ["sup:kame", "sup:finalflashh"],
        "SHOOT_STOP": "sup:han"
      }
    },
    "fiskheroes:shield": {
      "shield": {
        "health": 100.0,
        "regeneration": 8.0,
        "recoveryDelay": 20,
        "cooldown": 100
      },
      "coverage": {
        "yawRadius": 50.0,
        "pitchRadius": 50.0,
        "yawOffset": 0.0,
        "pitchOffset": 0.0
      },
      "knockback": 0.2,
      "isToggle": false,
      "soundEvents": {
        "ENABLE": "fiskheroes:mk50_shield_enable",
        "DISABLE": "fiskheroes:mk50_shield_disable",
        "DEFLECT": "fiskheroes:shield_deflect"
      }
    },
    "fiskheroes:blade": {
      "soundEvents": {
        "ENABLE": "fiskheroes:mk50_blade_enable",
        "DISABLE": "fiskheroes:mk50_blade_disable"
      }
    },
    "fiskheroes:water_breathing": {
    },
    "fiskheroes:metal_skin": {
    }
  },
  "hud": [
    {
      "type": "PROGRESS",
      "texture": "sup:textures/gui/bars/ssj_transformation.png",
      "data": "fiskheroes:dyn/nanite_cooldown"
    }
  ]
}
